<?xml version="1.0" encoding="UTF-8"?>
<Configuration xmlns="http://logging.apache.org/log4j/2.0/config">
    <Properties>
    	<Property name="LOG_PATTERN">%d{yyyy-MM-dd'T'HH:mm:ss.SSSZ} %p %m%n</Property>
        <Property name="basePath">../OnlineAdvertiseApp/logs</Property>
    </Properties>
  
    <Appenders>
  
        <Console name="console" target="SYSTEM_OUT" follow="true">
            <PatternLayout pattern="${LOG_PATTERN}"/>
        </Console>
          
        <RollingFile name="infoLog" fileName="${sys:basePath}/info.log"
            filePattern="${sys:basePath}/info-%d{yyyy-MM-dd}-%i.log">
            <LevelRangeFilter minLevel="INFO" maxLevel="INFO" onMatch="ACCEPT" onMismatch="DENY"/>
            <PatternLayout pattern="${LOG_PATTERN}"/>
            <Policies>
                <SizeBasedTriggeringPolicy size="10MB" />
            </Policies>
            <DefaultRolloverStrategy max="10"/>
        </RollingFile>
          
        <RollingFile name="errorLog" fileName="${sys:basePath}/error.log"
            filePattern="${sys:basePath}/error-%d{yyyy-MM-dd}-%i.log">
            <LevelRangeFilter minLevel="ERROR" maxLevel="ERROR" onMatch="ACCEPT" onMismatch="DENY"/>
            <PatternLayout pattern="${LOG_PATTERN}"/>
            <Policies>
                <SizeBasedTriggeringPolicy size="10MB" />
            </Policies>
            <DefaultRolloverStrategy max="10"/>
        </RollingFile>
          
        <RollingFile name="warnLog" fileName="${sys:basePath}/warn.log"
            filePattern="${sys:basePath}/warn-%d{yyyy-MM-dd}-%i.log">
            <LevelRangeFilter minLevel="WARN" maxLevel="WARN" onMatch="ACCEPT" onMismatch="DENY"/>
            <PatternLayout pattern="${LOG_PATTERN}"/>
            <Policies>
                <SizeBasedTriggeringPolicy size="10MB" />
            </Policies>
            <DefaultRolloverStrategy max="10"/>
        </RollingFile>
         
        <RollingFile name="debugLog" fileName="${sys:basePath}/debug.log"
            filePattern="${sys:basePath}/debug-%d{yyyy-MM-dd}-%i.log">
            <LevelRangeFilter minLevel="DEBUG" maxLevel="DEBUG" onMatch="ACCEPT" onMismatch="DENY"/>
            <PatternLayout pattern="${LOG_PATTERN}"/>
            <Policies>
                <SizeBasedTriggeringPolicy size="10MB" />
            </Policies>
            <DefaultRolloverStrategy max="10"/>
        </RollingFile>
          
    </Appenders>
  
    <Loggers>
      
     <!--   <Logger name="com.cg.travelagency" additivity="false" level="INFO">
            <AppenderRef ref="infoLog" />
            <AppenderRef ref="console"  />
        </Logger>
         
        <Logger name="com.cg.travelagency" additivity="false" level="DEBUG">
            <AppenderRef ref="debugLog" />
            <AppenderRef ref="console" />
        </Logger>
          
        <Logger name="com.cg.travelagency" additivity="false" level="ERROR">
            <AppenderRef ref="errorLog" />
            <AppenderRef ref="console"/>
        </Logger>
         
        <Logger name="com.cg.travelagency" additivity="false" level="WARN">
            <AppenderRef ref="warnLog" />
            <AppenderRef ref="console"/>
        </Logger>
                  
        <Root level="INFO">
            <AppenderRef ref="console"/>
        </Root>-->
        
        <Root level="debug">
        <AppenderRef ref="console"/>	
            <AppenderRef ref="STDOUT" />
            <AppenderRef ref="infoLog" />
            <AppenderRef ref="warnLog" />
            <AppenderRef ref="errorLog" />
            <AppenderRef ref="debugLog" />
        </Root>
  
    </Loggers>
  
</Configuration>